iter	Logloss
0	0.5410113672
1	0.4260681382
2	0.407017643
3	0.3969836348
4	0.383841367
5	0.3733280269
6	0.3636385975
7	0.359481597
8	0.356075339
9	0.3557686225
